recordId,callKey,callDateTime,priority,district,description,callNumber,incidentLocation,location,Neighborhood,PoliceDistrict,PolicePost,CouncilDistrict,SheriffDistricts,CommunityStatisticalAreas,Census_Tracts,VRIZones,ZIPCode,NeedsSync,IsDeleted,ESRI_OID,lat,lng,datetime,date,dotw,week,time
10810751,1401020A62B71F3E,2022/06/25 10:44:00+00,High,WD,OVERDOSE,P221761572,EDMONDSON AV/POPLAR GROVE ST,EDMONDSON AV and POPLAR GROVE ST BALTIMORE MD,Penrose/Fayette Street Outreach,Southwestern,842,9,D8,Greater Rosemont,Census Tract 1606,NA,21223,1,0,1041,39.294512,-76.664775,2022-06-25T10:44:00Z,2022-06-25,7,26,10:44:00
10826890,1401020A62BBF751,2022/06/29 02:55:00+00,High,ND,OVERDOSE,P221800526,2400 BLK BRENTWOOD AV,2400 BLK BRENTWOOD AV BALTIMORE MD,Barclay,Eastern,341,12,D2,Greater Charles Village/Barclay,Census Tract 1204,NA,21218,1,0,6483,39.319732,-76.649533,2022-06-29T02:55:00Z,2022-06-29,4,26,02:55:00
10828023,1401020A62BC6AD1,2022/06/29 11:08:00+00,High,NW,OVERDOSE,P221801774,3700 W BELVEDERE AV,3700 W BELVEDERE AV BALTIMORE MD,Arlington,Northwestern,633,5,D1,Pimlico/Arlington/Hilltop,Census Tract 2718.01,Northwestern,21215,1,0,12287,39.346427,-76.680555,2022-06-29T11:08:00Z,2022-06-29,4,26,11:08:00
10836462,1401020A62BEB876,2022/07/01 05:03:00+00,High,SD,OVERDOSE,P221820832,1500 WASHINGTON BL,1500 WASHINGTON BL BALTIMORE MD,Carroll Park,Southern,935,10,D7,Washington Village/Pigtown,Census Tract 2102,NA,21230,1,0,42154,39.279149,-76.641783,2022-07-01T05:03:00Z,2022-07-01,6,26,05:03:00
10838662,1401020A62BF5D4D,2022/07/01 16:47:00+00,High,WD,OVERDOSE,P221823084,SHOPPERS,SHOPPERS BALTIMORE MD,Mondawmin,Western,731,7,D9,Greater Mondawmin,Census Tract 1505,NA,21215,1,0,50352,39.3549,-76.634044,2022-07-01T16:47:00Z,2022-07-01,6,26,16:47:00
10839514,1401020A62BF90B3,2022/07/01 20:26:00+00,High,CD,OVERDOSE,P221824123,100 E FAYETTE ST,100 E FAYETTE ST BALTIMORE MD,Downtown,Central,111,11,D7,Downtown/Seton Hill,Census Tract 401,NA,21202,1,0,54159,39.290489,-76.613901,2022-07-01T20:26:00Z,2022-07-01,6,26,20:26:00
10811411,5301020A62B75688,2022/06/25 14:40:00+00,High,ND,OVERDOSE,P221762334,2700 BLK GREENMOUNT AV,2700 BLK GREENMOUNT AV BALTIMORE MD,Better Waverly,Northern,513,14,D5,The Waverlies,Census Tract 904,NA,21218,1,0,102490,39.319732,-76.649533,2022-06-25T14:40:00Z,2022-06-25,7,26,14:40:00
10822842,5301020A62BAECA9,2022/06/28 07:57:00+00,High,CD,OVERDOSE,P221791129,W SARATOGA ST/N PACA ST,W SARATOGA ST and N PACA ST BALTIMORE MD,Downtown,Central,111,11,D7,Downtown/Seton Hill,Census Tract 401,NA,21201,1,0,102635,39.319732,-76.649533,2022-06-28T07:57:00Z,2022-06-28,3,26,07:57:00
10823727,5301020A62BB2523,2022/06/28 11:58:00+00,High,WD,OVERDOSE,P221792137,1200 EDMONDSON AV,1200 EDMONDSON AV BALTIMORE MD,Harlem Park,Western,713,9,D8,Sandtown-Winchester/Harlem Park,Census Tract 1601,Central,21217,1,0,102652,39.295662,-76.637631,2022-06-28T11:58:00Z,2022-06-28,3,26,11:58:00
10828442,5301020A62BC8AC7,2022/06/29 13:24:00+00,High,SE,OVERDOSE,P221802336,5200 EASTERN AV,5200 EASTERN AV BALTIMORE MD,Hopkins Bayview,Southeastern,241,1,D6,Orangeville/East Highlandtown,Census Tract 2605.01,NA,21224,1,0,102695,39.2871997,-76.5520887,2022-06-29T13:24:00Z,2022-06-29,4,26,13:24:00
10829121,5301020A62BCA9A4,2022/06/29 15:36:00+00,High,NW,OVERDOSE,P221802828,4700 BLK BEAUFORT AV,4700 BLK BEAUFORT AV BALTIMORE MD,Central Park Heights,Northwestern,614,6,D1,Southern Park Heights,Census Tract 2716,Northwestern,21215,1,0,102705,39.319732,-76.649533,2022-06-29T15:36:00Z,2022-06-29,4,26,15:36:00
10838248,5301020A62BF4799,2022/07/01 15:14:00+00,High,CD,OVERDOSE,P221822683,300 W PRATT ST,300 W PRATT ST BALTIMORE MD,Downtown West,Central,113,11,D7,Downtown/Seton Hill,Census Tract 401,NA,21201,1,0,104015,39.286689,-76.619665,2022-07-01T15:14:00Z,2022-07-01,6,26,15:14:00
10839172,5301020A62BF68EA,2022/07/01 17:36:00+00,High,SE,OVERDOSE,P221823347,200 N DECKER AV,200 N DECKER AV BALTIMORE MD,Patterson Park Neighborhood,Southeastern,222,1,D5,Patterson Park North & East,Census Tract 601,NA,21224,1,0,104033,39.294719,-76.5742095,2022-07-01T17:36:00Z,2022-07-01,6,26,17:36:00
10824236,5401020A62BB413B,2022/06/28 13:58:00+00,High,ED,OVERDOSE,P221792608,1800 N WOLFE ST,1800 N WOLFE ST BALTIMORE MD,Broadway East,Eastern,331,12,D5,Greenmount East,Census Tract 806,Eastern1,21213,1,0,110186,39.311119,-76.591919,2022-06-28T13:58:00Z,2022-06-28,3,26,13:58:00
10832071,5401020A62BD8F61,2022/06/30 07:56:00+00,High,ND,OVERDOSE,P221811192,4000 SPRUCE DR,4000 SPRUCE DR BALTIMORE MD,Greenspring,Northern,533,6,D1,Southern Park Heights,Census Tract 1512,NA,21215,1,0,110924,39.336565,-76.657517,2022-06-30T07:56:00Z,2022-06-30,5,26,07:56:00
10837652,5401020A62BF1D1E,2022/07/01 12:13:00+00,High,SW,OVERDOSE,P221822062,2900 W MULBERRY ST,2900 W MULBERRY ST BALTIMORE MD,Penrose/Fayette Street Outreach,Southwestern,842,9,D8,Southwest Baltimore,Census Tract 2002,NA,21223,1,0,111034,39.292613,-76.664819,2022-07-01T12:13:00Z,2022-07-01,6,26,12:13:00
10838843,5401020A62BF5EA4,2022/07/01 16:52:00+00,High,SW,OVERDOSE,P221823115,500 S BENTALOU ST,500 S BENTALOU ST BALTIMORE MD,Carrollton Ridge,Southwestern,841,9,D8,Southwest Baltimore,Census Tract 2005,Tri-District,21223,1,0,111091,39.281271,-76.652696,2022-07-01T16:52:00Z,2022-07-01,6,26,16:52:00
10809396,5501020A62B69BB3,2022/06/25 01:22:00+00,High,SW,OVERDOSE,P221760280,2200 ROSLYN AV,2200 ROSLYN AV BALTIMORE MD,Mount Holly,Southwestern,812,7,D9,Forest Park/Walbrook,Census Tract 1508,NA,21216,1,0,136551,39.312024,-76.677161,2022-06-25T01:22:00Z,2022-06-25,7,26,01:22:00
10812079,5501020A62B77777,2022/06/25 17:00:00+00,High,NE,OVERDOSE,P221762942,5000 DENVIEW WY,5000 DENVIEW WY BALTIMORE MD,Frankford,Northeastern,444,2,D6,Claremont/Armistead,Census Tract 2604.02,NA,21206,1,0,136600,39.324531,-76.534385,2022-06-25T17:00:00Z,2022-06-25,7,26,17:00:00
10812824,5501020A62B7AE8B,2022/06/25 20:55:00+00,High,NE,OVERDOSE,P221763914,6600 PIONEER DR,6600 PIONEER DR BALTIMORE MD,Hamilton Hills,Northeastern,423,3,D3,Harford/Echodale,Census Tract 2707.02,NA,21214,1,0,136632,39.3668148,-76.5725964,2022-06-25T20:55:00Z,2022-06-25,7,26,20:55:00
10816371,5501020A62B8DC5E,2022/06/26 18:23:00+00,High,ED,OVERDOSE,P221773224,1400 BLK N ROSE ST,1400 BLK N ROSE ST BALTIMORE MD,Berea,Eastern,332,13,D5,Clifton-Berea,Census Tract 803.01,NA,21213,1,0,136715,39.319732,-76.649533,2022-06-26T18:23:00Z,2022-06-26,1,26,18:23:00
10825328,5501020A62BB8225,2022/06/28 18:35:00+00,High,NW,OVERDOSE,P221793674,W NORTHERN PY/PARK HEIGHTS AV,W NORTHERN PY and PARK HEIGHTS AV BALTIMORE MD,Glen,Northwestern,632,5,D1,Glen-Fallstaff,Census Tract 2719,NA,21215,1,0,137410,39.347234,-76.673383,2022-06-28T18:35:00Z,2022-06-28,3,26,18:35:00
10833886,5501020A62BE0521,2022/06/30 16:18:00+00,High,ED,OVERDOSE,P221813140,E NORTH AV/AISQUITH ST,E NORTH AV and AISQUITH ST BALTIMORE MD,Oliver,Eastern,343,12,D5,Greenmount East,Census Tract 909,Eastern1,21202,1,0,137549,39.319732,-76.649533,2022-06-30T16:18:00Z,2022-06-30,5,26,16:18:00
10835600,5501020A62BE6279,2022/06/30 22:56:00+00,High,NW,OVERDOSE,P221814759,5500 PARK HEIGHTS AV,5500 PARK HEIGHTS AV BALTIMORE MD,Pimlico Good Neighbors,Northwestern,633,5,D1,Pimlico/Arlington/Hilltop,Census Tract 2717,NA,21215,1,0,137590,39.351648,-76.683876,2022-06-30T22:56:00Z,2022-06-30,5,26,22:56:00
10838509,5501020A62BF5842,2022/07/01 16:25:00+00,High,ED,OVERDOSE,P221823004,HARFORD RD/BONAPARTE AV,HARFORD RD and BONAPARTE AV BALTIMORE MD,East Baltimore Midway,Eastern,342,12,D5,Midway/Coldstream,Census Tract 805,Eastern1,21218,1,0,137637,39.314381,-76.597928,2022-07-01T16:25:00Z,2022-07-01,6,26,16:25:00
10839198,5501020A62BF6C55,2022/07/01 17:51:00+00,High,SE,OVERDOSE,P221823428,E FAYETTE ST/N EDEN ST,E FAYETTE ST and N EDEN ST BALTIMORE MD,Washington Hill,Southeastern,212,12,D7,Harbor East/Little Italy,Census Tract 301,NA,21231,1,0,138230,39.319732,-76.649533,2022-07-01T17:51:00Z,2022-07-01,6,26,17:51:00
10839330,5501020A62BF7794,2022/07/01 18:39:00+00,High,ED,OVERDOSE,P221823671,2700 E FEDERAL ST,2700 E FEDERAL ST BALTIMORE MD,Berea,Eastern,332,13,D5,Clifton-Berea,Census Tract 802,NA,21213,1,0,138237,39.309346,-76.579926,2022-07-01T18:39:00Z,2022-07-01,6,26,18:39:00
10810237,5601020A62B7032A,2022/06/25 08:44:00+00,High,SD,OVERDOSE,P221761155,300 S BRUCE ST,300 S BRUCE ST BALTIMORE MD,New Southwest/Mount Clare,Southern,935,9,D8,Southwest Baltimore,Census Tract 1903,Tri-District,21223,1,0,161984,39.284346,-76.644267,2022-06-25T08:44:00Z,2022-06-25,7,26,08:44:00
10810722,5601020A62B72608,2022/06/25 11:13:00+00,High,NW,OVERDOSE,P221761675,6500 EBERLE DR,6500 EBERLE DR BALTIMORE MD,Reisterstown Station,Northwestern,631,5,D1,Glen-Fallstaff,Census Tract 2801.01,NA,21215,1,0,161995,39.353333,-76.705989,2022-06-25T11:13:00Z,2022-06-25,7,26,11:13:00
10817877,5601020A62B94FD5,2022/06/27 02:36:00+00,High,ND,OVERDOSE,P221780445,2400 MARYLAND AV,2400 MARYLAND AV BALTIMORE MD,Old Goucher,Northern,514,12,D2,Greater Charles Village/Barclay,Census Tract 1206,NA,21218,1,0,162081,39.316295,-76.618272,2022-06-27T02:36:00Z,2022-06-27,2,26,02:36:00
10820306,5601020A62BA184D,2022/06/27 16:51:00+00,High,NE,OVERDOSE,P221783073,3100 CHESLEY AV,3100 CHESLEY AV BALTIMORE MD,North Harford Road,Northeastern,424,3,D4,Harford/Echodale,Census Tract 2705.01,NA,21234,1,0,163563,39.365004,-76.547287,2022-06-27T16:51:00Z,2022-06-27,2,26,16:51:00
10821908,5601020A62BA9D61,2022/06/28 02:19:00+00,High,ND,OVERDOSE,P221790434,2400 MARYLAND AV,2400 MARYLAND AV BALTIMORE MD,Old Goucher,Northern,514,12,D2,Greater Charles Village/Barclay,Census Tract 1206,NA,21218,1,0,163619,39.316295,-76.618272,2022-06-28T02:19:00Z,2022-06-28,3,26,02:19:00
10834461,5601020A62BE2037,2022/06/30 18:14:00+00,High,SD,OVERDOSE,P221813646,400 PONTIAC AV,400 PONTIAC AV BALTIMORE MD,Brooklyn,Southern,913,10,D7,Brooklyn/Curtis Bay/Hawkins Point,Census Tract 2504.01,Brooklyn,21225,1,0,164759,39.236333,-76.605313,2022-06-30T18:14:00Z,2022-06-30,5,26,18:14:00
10836360,5601020A62BEAA20,2022/07/01 04:02:00+00,High,ED,OVERDOSE,P221820712,1600 E MONUMENT ST,1600 E MONUMENT ST BALTIMORE MD,Gay Street,Eastern,313,12,D5,Oldtown/Middle East,Census Tract 704,NA,21287,1,0,164815,39.298445,-76.595903,2022-07-01T04:02:00Z,2022-07-01,6,26,04:02:00
10832367,5801020A62BD9EDB,2022/06/30 09:02:00+00,High,ED,OVERDOSE,P221811416,N PORT ST/E NORTH AV,N PORT ST and E NORTH AV BALTIMORE MD,Broadway East,Eastern,331,13,D5,Clifton-Berea,Census Tract 802,NA,21213,1,0,190242,39.319732,-76.649533,2022-06-30T09:02:00Z,2022-06-30,5,26,09:02:00
10833040,5801020A62BDCC46,2022/06/30 12:16:00+00,High,SE,OVERDOSE,P221812277,E LOMBARD ST/S EATON ST,E LOMBARD ST and S EATON ST BALTIMORE MD,Baltimore Highlands,Southeastern,223,2,D6,Highlandtown,Census Tract 2608,NA,21224,1,0,190261,39.319732,-76.649533,2022-06-30T12:16:00Z,2022-06-30,5,26,12:16:00
10834163,5801020A62BE15D2,2022/06/30 17:29:00+00,High,NW,OVERDOSE,P221813418,5200 DENMORE AV,5200 DENMORE AV BALTIMORE MD,Arlington,Northwestern,633,5,D1,Pimlico/Arlington/Hilltop,Census Tract 2718.01,Northwestern,21215,1,0,190273,39.348646,-76.678189,2022-06-30T17:29:00Z,2022-06-30,5,26,17:29:00
10836664,5801020A62BED4FA,2022/07/01 07:05:00+00,High,ND,OVERDOSE,P221820997,700 MCKEWIN AV,700 MCKEWIN AV BALTIMORE MD,Waverly,Northern,543,14,D2,The Waverlies,Census Tract 903,NA,21218,1,0,191780,39.333038,-76.605904,2022-07-01T07:05:00Z,2022-07-01,6,26,07:05:00
10838190,5801020A62BF4355,2022/07/01 14:56:00+00,High,CD,OVERDOSE,P221822642,300 W PRATT ST,300 W PRATT ST BALTIMORE MD,Downtown West,Central,113,11,D7,Downtown/Seton Hill,Census Tract 401,NA,21201,1,0,191804,39.286689,-76.619665,2022-07-01T14:56:00Z,2022-07-01,6,26,14:56:00
10810240,5801020A62B70485,2022/06/25 08:50:00+00,High,WD,OVERDOSE,P221761177,1800 N CAREY ST,1800 N CAREY ST BALTIMORE MD,Sandtown-Winchester,Western,742,7,D9,Sandtown-Winchester/Harlem Park,Census Tract 1501,Western,21217,1,0,234572,39.309433,-76.643827,2022-06-25T08:50:00Z,2022-06-25,7,26,08:50:00
10812608,5801020A62B7A701,2022/06/25 20:23:00+00,High,NE,OVERDOSE,P221763783,6600 PIONEER DR,6600 PIONEER DR BALTIMORE MD,Hamilton Hills,Northeastern,423,3,D3,Harford/Echodale,Census Tract 2707.02,NA,21214,1,0,234618,39.3668148,-76.5725964,2022-06-25T20:23:00Z,2022-06-25,7,26,20:23:00
10818780,5801020A62B9BF3A,2022/06/27 10:31:00+00,High,NW,OVERDOSE,P221781633,5300 REISTERSTOWN RD,5300 REISTERSTOWN RD BALTIMORE MD,Woodmere,Northwestern,623,5,D1,Pimlico/Arlington/Hilltop,Census Tract 2718.01,Northwestern,21215,1,0,234785,39.34481,-76.686847,2022-06-27T10:31:00Z,2022-06-27,2,26,10:31:00
10819547,5801020A62B9E8D0,2022/06/27 13:28:00+00,High,NE,OVERDOSE,P221782309,3600 KENYON AV,3600 KENYON AV BALTIMORE MD,Belair-Edison,Northeastern,432,13,D6,Belair-Edison,Census Tract 2603.02,NA,21213,1,0,234802,39.319685,-76.56245,2022-06-27T13:28:00Z,2022-06-27,2,26,13:28:00
10820815,5801020A62BA3226,2022/06/27 18:41:00+00,High,ND,OVERDOSE,P221783612,2100 N CHARLES ST,2100 N CHARLES ST BALTIMORE MD,Charles North,Northern,514,12,D2,Greater Charles Village/Barclay,Census Tract 1206,NA,21218,1,0,234837,39.31323,-76.616721,2022-06-27T18:41:00Z,2022-06-27,2,26,18:41:00
10821283,5801020A62BA5052,2022/06/27 20:50:00+00,High,NE,OVERDOSE,P221784137,HARFORD RD/EVERGREEN AV,HARFORD RD and EVERGREEN AV BALTIMORE MD,Hamilton Hills,Northeastern,423,3,D4,Harford/Echodale,Census Tract 2704.02,NA,21214,1,0,241251,39.344853,-76.567699,2022-06-27T20:50:00Z,2022-06-27,2,26,20:50:00
10816127,5A01020A62B8C9F6,2022/06/26 17:04:00+00,High,ED,OVERDOSE,P221772887,2700 MURA ST,2700 MURA ST BALTIMORE MD,Berea,Eastern,332,13,D5,Clifton-Berea,Census Tract 803.02,Eastern2,21213,1,0,251889,39.305543,-76.579708,2022-06-26T17:04:00Z,2022-06-26,1,26,17:04:00
10816873,5A01020A62B8F4FC,2022/06/26 20:08:00+00,High,NW,OVERDOSE,P221773585,NELSON AV/HAYWARD AV,NELSON AV and HAYWARD AV BALTIMORE MD,Arlington,Northwestern,633,5,D1,Pimlico/Arlington/Hilltop,Census Tract 2718.01,Northwestern,21215,1,0,251900,39.349935,-76.678594,2022-06-26T20:08:00Z,2022-06-26,1,26,20:08:00
10820274,5A01020A62BA16B1,2022/06/27 16:44:00+00,High,CD,OVERDOSE,P221783043,100 N EUTAW ST,100 N EUTAW ST BALTIMORE MD,Downtown,Central,111,11,D7,Downtown/Seton Hill,Census Tract 401,NA,21201,1,0,251978,39.290572,-76.62142,2022-06-27T16:44:00Z,2022-06-27,2,26,16:44:00
10829134,5A01020A62BCA903,2022/06/29 15:33:00+00,High,CD,OVERDOSE,P221802826,1200 N CHARLES ST,1200 N CHARLES ST BALTIMORE MD,Mid-Town Belvedere,Central,141,12,D8,Midtown,Census Tract 1102,NA,21201,1,0,253294,39.303537,-76.616257,2022-06-29T15:33:00Z,2022-06-29,4,26,15:33:00
10838090,5A01020A62BF3616,2022/07/01 13:59:00+00,High,ED,OVERDOSE,P221822461,2400 E EAGER ST,2400 E EAGER ST BALTIMORE MD,Milton-Montford,Eastern,323,13,D5,Madison/East End,Census Tract 702,Eastern2,21205,1,0,253458,39.301974,-76.583794,2022-07-01T13:59:00Z,2022-07-01,6,26,13:59:00
10811160,5901020A62B7417E,2022/06/25 13:10:00+00,High,WD,OVERDOSE,P221762056,2200 N FULTON AV,2200 N FULTON AV BALTIMORE MD,Penn North,Western,733,7,D2,Penn North/Reservoir Hill,Census Tract 1303,Western,21217,1,0,260211,39.313587,-76.646176,2022-06-25T13:10:00Z,2022-06-25,7,26,13:10:00
10816755,5901020A62B8D7D4,2022/06/26 18:04:00+00,High,NW,OVERDOSE,P221773153,2700 N HILTON ST,2700 N HILTON ST BALTIMORE MD,Hanlon-Longwood,Northwestern,641,7,D9,Greater Mondawmin,Census Tract 1507.01,NA,21216,1,0,260275,39.318419,-76.67292,2022-06-26T18:04:00Z,2022-06-26,1,26,18:04:00
10823308,5901020A62BB0F78,2022/06/28 10:26:00+00,High,SD,OVERDOSE,P221791746,LIGHT RAIL - CHERRY HILL,LIGHT RAIL - CHERRY HILL BALTIMORE MD,Cherry Hill,Southern,922,10,D7,Cherry Hill,Census Tract 2502.04,NA,21230,1,0,260394,39.255669,-76.634373,2022-06-28T10:26:00Z,2022-06-28,3,26,10:26:00
10824839,5901020A62BB712D,2022/06/28 17:22:00+00,High,WD,OVERDOSE,P221793347,1700 BLK N BRUCE ST,1700 BLK N BRUCE ST BALTIMORE MD,Sandtown-Winchester,Western,742,7,D8,Sandtown-Winchester/Harlem Park,Census Tract 1502,Western,21217,1,0,260439,39.319732,-76.649533,2022-06-28T17:22:00Z,2022-06-28,3,26,17:22:00
10824830,5901020A62BB71EC,2022/06/28 17:26:00+00,High,SD,OVERDOSE,P221793363,1700 MCHENRY ST,1700 MCHENRY ST BALTIMORE MD,New Southwest/Mount Clare,Southern,935,9,D8,Southwest Baltimore,Census Tract 1903,Tri-District,21223,1,0,260440,39.284738,-76.644102,2022-06-28T17:26:00Z,2022-06-28,3,26,17:26:00
10825770,5901020A62BB938A,2022/06/28 19:49:00+00,High,NE,OVERDOSE,P221794025,MORAVIA RD/SINCLAIR LN,MORAVIA RD and SINCLAIR LN BALTIMORE MD,Frankford,Northeastern,443,2,D6,Cedonia/Frankford,Census Tract 2602.03,NA,21206,1,0,261617,39.319732,-76.649533,2022-06-28T19:49:00Z,2022-06-28,3,26,19:49:00
10826030,5901020A62BBAC36,2022/06/28 21:34:00+00,High,NW,OVERDOSE,P221794356,4800 WILERN AV,4800 WILERN AV BALTIMORE MD,Central Park Heights,Northwestern,614,6,D1,Pimlico/Arlington/Hilltop,Census Tract 2718.02,Northwestern,21215,1,0,261630,39.344081,-76.674637,2022-06-28T21:34:00Z,2022-06-28,3,26,21:34:00
10828954,5901020A62BCA6FE,2022/06/29 15:24:00+00,High,ED,OVERDOSE,P221802777,1500 N DURHAM ST,1500 N DURHAM ST BALTIMORE MD,Broadway East,Eastern,331,12,D5,Greenmount East,Census Tract 807,Eastern1,21213,1,0,261659,39.307912,-76.592272,2022-06-29T15:24:00Z,2022-06-29,4,26,15:24:00
10832378,5901020A62BDA027,2022/06/30 09:07:00+00,High,ED,OVERDOSE,P221811442,2600 E CHASE ST,2600 E CHASE ST BALTIMORE MD,Biddle Street,Eastern,323,13,D5,Clifton-Berea,Census Tract 803.01,Eastern2,21213,1,0,261709,39.303938,-76.581036,2022-06-30T09:07:00Z,2022-06-30,5,26,09:07:00
10832823,5901020A62BDB67E,2022/06/30 10:43:00+00,High,SE,OVERDOSE,P221811862,6500 BROWN AV,6500 BROWN AV BALTIMORE MD,Broening Manor,Southeastern,243,1,D7,Southeastern,Census Tract 2606.05,NA,21224,1,0,261717,39.273829,-76.535915,2022-06-30T10:43:00Z,2022-06-30,5,26,10:43:00
10818976,5B01020A62B9C7DB,2022/06/27 11:08:00+00,High,SE,OVERDOSE,P221781789,0 S BROADWAY,0 S BROADWAY BALTIMORE MD,Washington Hill,Southeastern,212,13,D6,Fells Point,Census Tract 202,NA,21231,1,0,280341,39.28221,-76.5929,2022-06-27T11:08:00Z,2022-06-27,2,26,11:08:00
10825031,5B01020A62BB6765,2022/06/28 16:41:00+00,High,ED,OVERDOSE,P221793187,E 0ST ST/GREENMOUNT AV,E 0ST ST and GREENMOUNT AV BALTIMORE MD,East Baltimore Midway,Eastern,342,12,D5,Midway/Coldstream,Census Tract 908,NA,21218,1,0,280477,39.319732,-76.649533,2022-06-28T16:41:00Z,2022-06-28,3,26,16:41:00
10824841,5B01020A62BB6EEB,2022/06/28 17:13:00+00,High,SD,OVERDOSE,P221793304,1800 WASHINGTON BL,1800 WASHINGTON BL BALTIMORE MD,Carroll - Camden Industrial Area,Southern,941,10,D7,Washington Village/Pigtown,Census Tract 2102,NA,21230,1,0,280484,39.276296,-76.644748,2022-06-28T17:13:00Z,2022-06-28,3,26,17:13:00
10826898,5B01020A62BBFF9E,2022/06/29 03:30:00+00,High,NE,OVERDOSE,P221800607,2600 CECIL AV,2600 CECIL AV BALTIMORE MD,Coldstream Homestead Montebello,Northeastern,411,14,D5,Midway/Coldstream,Census Tract 907,NA,21218,1,0,281996,39.320442,-76.598787,2022-06-29T03:30:00Z,2022-06-29,4,26,03:30:00
10828745,5B01020A62BC926E,2022/06/29 13:57:00+00,High,SD,OVERDOSE,P221802463,1900 BLK W LOMBARD ST,1900 BLK W LOMBARD ST BALTIMORE MD,Carrollton Ridge,Southern,934,9,D8,Southwest Baltimore,Census Tract 2003,Tri-District,21223,1,0,282046,39.319732,-76.649533,2022-06-29T13:57:00Z,2022-06-29,4,26,13:57:00
10834974,5B01020A62BE379E,2022/06/30 19:54:00+00,High,NE,OVERDOSE,P221814085,1700 E 30TH ST,1700 E 30TH ST BALTIMORE MD,Coldstream Homestead Montebello,Northeastern,411,14,D5,Midway/Coldstream,Census Tract 906,NA,21218,1,0,282116,39.325562,-76.59181,2022-06-30T19:54:00Z,2022-06-30,5,26,19:54:00
10836152,5B01020A62BE8B09,2022/07/01 01:50:00+00,High,SW,OVERDOSE,P221820356,HARMAN AV/WASHINGTON BL,HARMAN AV and WASHINGTON BL BALTIMORE MD,Morrell Park,Southwestern,831,10,D7,Morrell Park/Violetville,Census Tract 2503.03,NA,21230,1,0,282140,39.268304,-76.650517,2022-07-01T01:50:00Z,2022-07-01,6,26,01:50:00
10839616,5B01020A62BF88D3,2022/07/01 19:52:00+00,High,WD,OVERDOSE,P221823975,1900 N PAYSON ST,1900 N PAYSON ST BALTIMORE MD,Mondawmin,Western,731,7,D9,Greater Mondawmin,Census Tract 1504,Western,21217,1,0,282189,39.310075,-76.650184,2022-07-01T19:52:00Z,2022-07-01,6,26,19:52:00
10810599,5CC9DA962B7153E,2022/06/25 10:01:00+00,High,SE,OVERDOSE,P221761423,100 N COLLINGTON AV,100 N COLLINGTON AV BALTIMORE MD,Butcher's Hill,Southeastern,212,13,D5,Patterson Park North & East,Census Tract 603,NA,21231,1,0,322154,39.2932,-76.586491,2022-06-25T10:01:00Z,2022-06-25,7,26,10:01:00
10811243,5C01020A62B754A0,2022/06/25 14:32:00+00,High,CD,OVERDOSE,P221762309,N EUTAW ST/W SARATOGA ST,N EUTAW ST and W SARATOGA ST BALTIMORE MD,Downtown,Central,111,11,D7,Downtown/Seton Hill,Census Tract 401,NA,21201,1,0,335737,39.319732,-76.649533,2022-06-25T14:32:00Z,2022-06-25,7,26,14:32:00
10814361,5C01020A62B83DD9,2022/06/26 07:07:00+00,High,ED,OVERDOSE,P221770960,2700 MURA ST,2700 MURA ST BALTIMORE MD,Berea,Eastern,332,13,D5,Clifton-Berea,Census Tract 803.02,Eastern2,21213,1,0,337315,39.305543,-76.579708,2022-06-26T07:07:00Z,2022-06-26,1,26,07:07:00
10819041,5C01020A62B9C77A,2022/06/27 11:06:00+00,High,WD,OVERDOSE,P221781780,MOSHER ST/N ARLINGTON AV,MOSHER ST and N ARLINGTON AV BALTIMORE MD,Sandtown-Winchester,Western,743,9,D8,Sandtown-Winchester/Harlem Park,Census Tract 1601,Central,21217,1,0,337461,27.772552,-82.64962,2022-06-27T11:06:00Z,2022-06-27,2,26,11:06:00
10823055,5C01020A62BAF696,2022/06/28 08:39:00+00,High,SE,OVERDOSE,P221791307,METRO STATION - SHOT TOWER,METRO STATION - SHOT TOWER BALTIMORE MD,Jonestown,Southeastern,211,12,D7,Harbor East/Little Italy,Census Tract 302,NA,21202,1,0,339023,35.467088,-97.386807,2022-06-28T08:39:00Z,2022-06-28,3,26,08:39:00
10824808,5C01020A62BB71C7,2022/06/28 17:25:00+00,High,SD,OVERDOSE,P221793359,1700 MCHENRY ST,1700 MCHENRY ST BALTIMORE MD,New Southwest/Mount Clare,Southern,935,9,D8,Southwest Baltimore,Census Tract 1903,Tri-District,21223,1,0,339071,39.284738,-76.644102,2022-06-28T17:25:00Z,2022-06-28,3,26,17:25:00
10835141,5C01020A62BE485E,2022/06/30 21:05:00+00,High,SE,OVERDOSE,P221814389,200 N DALLAS CT,200 N DALLAS CT BALTIMORE MD,Dunbar-Broadway,Southeastern,212,12,D7,Oldtown/Middle East,Census Tract 2805,NA,21231,1,0,339177,39.293515,-76.596236,2022-06-30T21:05:00Z,2022-06-30,5,26,21:05:00
10810149,5D01020A62B6FF8E,2022/06/25 08:29:00+00,High,WD,OVERDOSE,P221761118,2400 WOODBROOK AV,2400 WOODBROOK AV BALTIMORE MD,Penn North,Western,733,7,D2,Penn North/Reservoir Hill,Census Tract 1303,Western,21217,1,0,365862,39.310145,-76.641168,2022-06-25T08:29:00Z,2022-06-25,7,26,08:29:00
10812194,5D01020A62B788ED,2022/06/25 18:15:00+00,High,SE,OVERDOSE,P221763255,6500 BROWN AV,6500 BROWN AV BALTIMORE MD,Broening Manor,Southeastern,243,1,D7,Southeastern,Census Tract 2606.05,NA,21224,1,0,365921,39.273829,-76.535915,2022-06-25T18:15:00Z,2022-06-25,7,26,18:15:00
10815180,5D01020A62B87EC3,2022/06/26 11:44:00+00,High,SW,OVERDOSE,P221771782,2600 WILKENS AV,2600 WILKENS AV BALTIMORE MD,Millhill,Southwestern,841,9,D8,Southwest Baltimore,Census Tract 2005,NA,21223,1,0,365976,39.279152,-76.656875,2022-06-26T11:44:00Z,2022-06-26,1,26,11:44:00
10815726,5D01020A62B8AD2D,2022/06/26 15:02:00+00,High,NW,OVERDOSE,P221772368,4200 LABYRINTH RD,4200 LABYRINTH RD BALTIMORE MD,Reisterstown Station,Northwestern,631,5,D1,Glen-Fallstaff,Census Tract 2801.01,NA,21215,1,0,365994,39.358577,-76.70942,2022-06-26T15:02:00Z,2022-06-26,1,26,15:02:00
10818316,5D01020A62B9A110,2022/06/27 08:22:00+00,High,SD,OVERDOSE,P221781138,3600 POTEE ST,3600 POTEE ST BALTIMORE MD,Brooklyn,Southern,913,10,D7,Brooklyn/Curtis Bay/Hawkins Point,Census Tract 2504.01,NA,21225,1,0,366036,39.23897,-76.61104,2022-06-27T08:22:00Z,2022-06-27,2,26,08:22:00
10824457,5D01020A62BB4AA9,2022/06/28 14:38:00+00,High,SE,OVERDOSE,P221792720,6500 EASTERN AV,6500 EASTERN AV BALTIMORE MD,Pulaski Industrial Area,Southeastern,242,1,D6,Orangeville/East Highlandtown,Census Tract 2605.01,NA,21224,1,0,368785,39.28895,-76.536199,2022-06-28T14:38:00Z,2022-06-28,3,26,14:38:00
10824810,5D01020A62BB7181,2022/06/28 17:24:00+00,High,NW,OVERDOSE,P221793349,3700 COTTAGE AV,3700 COTTAGE AV BALTIMORE MD,Park Circle,Northwestern,612,6,D1,Southern Park Heights,Census Tract 1512,NA,21215,1,0,368801,39.331499,-76.658944,2022-06-28T17:24:00Z,2022-06-28,3,26,17:24:00
10835348,5D01020A62BE5A62,2022/06/30 22:22:00+00,High,CD,OVERDOSE,P221814668,E NORTH AV/N CHARLES ST,E NORTH AV and N CHARLES ST BALTIMORE MD,Charles North,Central,141,12,D2,Greater Charles Village/Barclay,Census Tract 1206,NA,21201,1,0,370184,39.310674,-76.616432,2022-06-30T22:22:00Z,2022-06-30,5,26,22:22:00
10838110,5D01020A62BF2FDC,2022/07/01 13:33:00+00,High,CD,OVERDOSE,P221822370,1100 N CALVERT ST,1100 N CALVERT ST BALTIMORE MD,Mid-Town Belvedere,Central,141,12,D8,Midtown,Census Tract 1101,NA,21202,1,0,370229,39.302767,-76.613556,2022-07-01T13:33:00Z,2022-07-01,6,26,13:33:00
10838119,5D01020A62BF3141,2022/07/01 13:39:00+00,High,NE,OVERDOSE,P221822399,4400 SHAMROCK AV,4400 SHAMROCK AV BALTIMORE MD,Parkside,Northeastern,442,2,D4,Cedonia/Frankford,Census Tract 2602.02,Northeastern,21206,1,0,370231,39.325377,-76.561268,2022-07-01T13:39:00Z,2022-07-01,6,26,13:39:00
10812533,5E01020A62B78E19,2022/06/25 18:37:00+00,High,NE,OVERDOSE,P221763357,4300 ORCHARD RIDGE BL,4300 ORCHARD RIDGE BL BALTIMORE MD,Orchard Ridge,Northeastern,433,13,D6,Claremont/Armistead,Census Tract 2603.03,NA,21213,1,0,370708,39.313983,-76.558342,2022-06-25T18:37:00Z,2022-06-25,7,26,18:37:00
10814293,5E01020A62B82B61,2022/06/26 05:48:00+00,High,SE,OVERDOSE,P221770878,400 S WOLFE ST,400 S WOLFE ST BALTIMORE MD,Upper Fells Point,Southeastern,212,1,D6,Fells Point,Census Tract 202,NA,21231,1,0,371951,39.286487,-76.590361,2022-06-26T05:48:00Z,2022-06-26,1,26,05:48:00
10817402,5E01020A62B934BC,2022/06/27 00:40:00+00,High,NW,OVERDOSE,P221780116,HAYWARD AV/REISTERSTOWN RD,HAYWARD AV and REISTERSTOWN RD BALTIMORE MD,Woodmere,Northwestern,623,5,D1,Pimlico/Arlington/Hilltop,Census Tract 2718.01,Northwestern,21215,1,0,372014,39.319732,-76.649533,2022-06-27T00:40:00Z,2022-06-27,2,26,00:40:00
10821076,5E01020A62BA42C0,2022/06/27 19:52:00+00,High,NW,OVERDOSE,P221783923,5400 CORDELIA AV,5400 CORDELIA AV BALTIMORE MD,Arlington,Northwestern,633,5,D1,Pimlico/Arlington/Hilltop,Census Tract 2718.01,Northwestern,21215,1,0,372088,39.346687,-76.682618,2022-06-27T19:52:00Z,2022-06-27,2,26,19:52:00
10827124,5E01020A62BC1C7E,2022/06/29 05:33:00+00,High,NE,OVERDOSE,P221800807,4300 ORCHARD RIDGE BL,4300 ORCHARD RIDGE BL BALTIMORE MD,Orchard Ridge,Northeastern,433,13,D6,Claremont/Armistead,Census Tract 2603.03,NA,21213,1,0,373122,39.313983,-76.558342,2022-06-29T05:33:00Z,2022-06-29,4,26,05:33:00
10830181,5E01020A62BCE8B3,2022/06/29 20:05:00+00,High,SW,OVERDOSE,P221804026,5000 CLIFTON AV,5000 CLIFTON AV BALTIMORE MD,Franklintown,Southwestern,821,8,D9,Dickeyville/Franklintown,Census Tract 2803.01,NA,21207,1,0,373160,39.3062897,-76.7057379,2022-06-29T20:05:00Z,2022-06-29,4,26,20:05:00
10834962,5E01020A62BE39EA,2022/06/30 20:03:00+00,High,SE,OVERDOSE,P221814122,100 S CURLEY ST,100 S CURLEY ST BALTIMORE MD,Patterson Park Neighborhood,Southeastern,222,1,D6,Patterson Park North & East,Census Tract 102,NA,21224,1,0,373256,39.290988,-76.575557,2022-06-30T20:03:00Z,2022-06-30,5,26,20:03:00
10836621,5E01020A62BECCE4,2022/07/01 06:31:00+00,High,SE,OVERDOSE,P221820964,200 S ROBINSON ST,200 S ROBINSON ST BALTIMORE MD,Highlandtown,Southeastern,231,1,D6,Patterson Park North & East,Census Tract 102,NA,21224,1,0,373274,39.289966,-76.572651,2022-07-01T06:31:00Z,2022-07-01,6,26,06:31:00
10810952,5F01020A62B735E9,2022/06/25 12:20:00+00,High,NE,OVERDOSE,P221761909,6000 BELAIR RD,6000 BELAIR RD BALTIMORE MD,Glenham-Belhar,Northeastern,425,2,D4,Hamilton,Census Tract 2704.01,NA,21206,1,0,384322,39.348355,-76.538686,2022-06-25T12:20:00Z,2022-06-25,7,26,12:20:00
10819187,5F01020A62B9D4E0,2022/06/27 12:03:00+00,High,NW,OVERDOSE,P221781976,3600 CLARKS LN,3600 CLARKS LN BALTIMORE MD,Glen,Northwestern,632,5,D1,Glen-Fallstaff,Census Tract 2720.06,NA,21215,1,0,385911,39.3621,-76.700645,2022-06-27T12:03:00Z,2022-06-27,2,26,12:03:00
10821997,5F01020A62BA950B,2022/06/28 01:43:00+00,High,ND,OVERDOSE,P221790344,4600 KERNWOOD AV,4600 KERNWOOD AV BALTIMORE MD,Kernewood,Northern,521,4,D2,North Baltimore/Guilford/Homeland,Census Tract 2711.02,NA,21212,1,0,385976,39.34482,-76.610672,2022-06-28T01:43:00Z,2022-06-28,3,26,01:43:00
10825089,5F01020A62BB7766,2022/06/28 17:49:00+00,High,ED,OVERDOSE,P221793471,1600 E OLIVER ST,1600 E OLIVER ST BALTIMORE MD,Oliver,Eastern,343,12,D5,Greenmount East,Census Tract 807,Eastern1,21213,1,0,385995,39.307609,-76.596325,2022-06-28T17:49:00Z,2022-06-28,3,26,17:49:00
10832878,5F01020A62BDB573,2022/06/30 10:38:00+00,High,SD,OVERDOSE,P221811850,300 BLK S CALHOUN ST,300 BLK S CALHOUN ST BALTIMORE MD,New Southwest/Mount Clare,Southern,935,9,D8,Southwest Baltimore,Census Tract 1902,Tri-District,21223,1,0,386025,39.319732,-76.649533,2022-06-30T10:38:00Z,2022-06-30,5,26,10:38:00
10833296,5F01020A62BDD84C,2022/06/30 13:07:00+00,High,NW,OVERDOSE,P221812455,METRO STATION - ROGERS AV,METRO STATION - ROGERS AV BALTIMORE MD,Woodmere,Northwestern,623,5,D1,Howard Park/West Arlington,Census Tract 2801.02,NA,21215,1,0,386037,39.24572,-76.636959,2022-06-30T13:07:00Z,2022-06-30,5,26,13:07:00
10834651,5F01020A62BE2A4B,2022/06/30 18:57:00+00,High,WD,OVERDOSE,P221813830,1200 BLK N WOODYEAR ST,1200 BLK N WOODYEAR ST BALTIMORE MD,Sandtown-Winchester,Western,743,9,D8,Sandtown-Winchester/Harlem Park,Census Tract 1602,Central,21217,1,0,386064,39.319732,-76.649533,2022-06-30T18:57:00Z,2022-06-30,5,26,18:57:00
10836690,5F01020A62BED28C,2022/07/01 06:55:00+00,High,CD,OVERDOSE,P221820986,N FREMONT AV/LAURENS ST,N FREMONT AV and LAURENS ST BALTIMORE MD,Upton,Central,123,11,D8,Upton/Druid Heights,Census Tract 1501,Central,21217,1,0,386095,39.319732,-76.649533,2022-07-01T06:55:00Z,2022-07-01,6,26,06:55:00
10836861,5F01020A62BEDEFD,2022/07/01 07:48:00+00,High,ED,OVERDOSE,P221821090,1400 N MONTFORD AV,1400 N MONTFORD AV BALTIMORE MD,Broadway East,Eastern,331,13,D5,Clifton-Berea,Census Tract 803.01,NA,21213,1,0,386098,39.307157,-76.584464,2022-07-01T07:48:00Z,2022-07-01,6,26,07:48:00
10837050,5F01020A62BEEDFD,2022/07/01 08:52:00+00,High,ED,OVERDOSE,P221821321,1100 ABBOTT CT,1100 ABBOTT CT BALTIMORE MD,Oldtown,Eastern,312,12,D5,Oldtown/Middle East,Census Tract 1002,NA,21202,1,0,386105,39.30139,-76.602718,2022-07-01T08:52:00Z,2022-07-01,6,26,08:52:00
10811329,6001020A62B750AE,2022/06/25 14:15:00+00,High,ND,OVERDOSE,P221762263,2300 N CHARLES ST,2300 N CHARLES ST BALTIMORE MD,Old Goucher,Northern,514,12,D2,Greater Charles Village/Barclay,Census Tract 1206,NA,21218,1,0,426423,39.315404,-76.617216,2022-06-25T14:15:00Z,2022-06-25,7,26,14:15:00
10811806,6001020A62B76FB6,2022/06/25 16:27:00+00,High,SW,OVERDOSE,P221762789,2500 WASHINGTON BL,2500 WASHINGTON BL BALTIMORE MD,Morrell Park,Southwestern,831,10,D7,Morrell Park/Violetville,Census Tract 2503.03,NA,21230,1,0,426432,39.266949,-76.652497,2022-06-25T16:27:00Z,2022-06-25,7,26,16:27:00
10818663,6001020A62B9AFA4,2022/06/27 09:24:00+00,High,NW,OVERDOSE,P221781361,3600 FAIRVIEW AV,3600 FAIRVIEW AV BALTIMORE MD,Forest Park,Northwestern,642,6,D9,Forest Park/Walbrook,Census Tract 1508,NA,21216,1,0,426569,39.323159,-76.677945,2022-06-27T09:24:00Z,2022-06-27,2,26,09:24:00
10821602,6001020A62BA6296,2022/06/27 22:08:00+00,High,CD,OVERDOSE,P221784387,0 E FRANKLIN ST,0 E FRANKLIN ST BALTIMORE MD,Mount Vernon,Central,142,11,D8,Midtown,Census Tract 1102,NA,21202,1,0,427803,39.295196,-76.613235,2022-06-27T22:08:00Z,2022-06-27,2,26,22:08:00
10824814,6001020A62BB66CF,2022/06/28 16:38:00+00,High,WD,OVERDOSE,P221793147,1600 W NORTH AV,1600 W NORTH AV BALTIMORE MD,Penn North,Western,733,7,D9,Sandtown-Winchester/Harlem Park,Census Tract 1501,Western,21217,1,0,427851,39.310238,-76.643419,2022-06-28T16:38:00Z,2022-06-28,3,26,16:38:00
10825051,6001020A62BB7861,2022/06/28 17:53:00+00,High,SD,OVERDOSE,P221793481,300 S MOUNT ST,300 S MOUNT ST BALTIMORE MD,New Southwest/Mount Clare,Southern,935,9,D8,Southwest Baltimore,Census Tract 1903,Tri-District,21223,1,0,427861,39.284366,-76.643573,2022-06-28T17:53:00Z,2022-06-28,3,26,17:53:00
10828698,6001020A62BC92B4,2022/06/29 13:58:00+00,High,NE,OVERDOSE,P221802462,3400 MAYFIELD AV,3400 MAYFIELD AV BALTIMORE MD,Belair-Edison,Northeastern,432,13,D5,Belair-Edison,Census Tract 2603.01,Northeastern,21213,1,0,427953,39.320449000000004,-76.569497,2022-06-29T13:58:00Z,2022-06-29,4,26,13:58:00
10810756,6101020A62B71E5D,2022/06/25 10:40:00+00,High,NW,OVERDOSE,P221761565,6300 WABASH AV,6300 WABASH AV BALTIMORE MD,Reisterstown Station,Northwestern,631,5,D1,Howard Park/West Arlington,Census Tract 2801.02,NA,21215,1,0,475224,39.351104,-76.706611,2022-06-25T10:40:00Z,2022-06-25,7,26,10:40:00
10812882,6101020A62B7AF7F,2022/06/25 20:59:00+00,High,NE,OVERDOSE,P221763934,5400 GERLAND AV,5400 GERLAND AV BALTIMORE MD,Frankford,Northeastern,444,2,D4,Cedonia/Frankford,Census Tract 2601.02,NA,21206,1,0,475295,39.33283,-76.545072,2022-06-25T20:59:00Z,2022-06-25,7,26,20:59:00
10815226,6101020A62B8889C,2022/06/26 12:26:00+00,High,NW,OVERDOSE,P221771924,3700 EGERTON RD,3700 EGERTON RD BALTIMORE MD,Callaway-Garrison,Northwestern,642,6,D1,Dorchester/Ashburton,Census Tract 1511,NA,21215,1,0,475339,39.327742,-76.679017,2022-06-26T12:26:00Z,2022-06-26,1,26,12:26:00
10815710,6101020A62B8AAF3,2022/06/26 14:52:00+00,High,WD,OVERDOSE,P221772340,800 W LEXINGTON ST,800 W LEXINGTON ST BALTIMORE MD,Poppleton,Western,712,9,D8,Poppleton/The Terraces/Hollins Market,Census Tract 1801,NA,21201,1,0,475356,39.291106,-76.630469,2022-06-26T14:52:00Z,2022-06-26,1,26,14:52:00
10819993,6101020A62BA061F,2022/06/27 15:33:00+00,High,NE,OVERDOSE,P221782719,3600 RAVENWOOD AV,3600 RAVENWOOD AV BALTIMORE MD,Belair-Edison,Northeastern,432,13,D6,Belair-Edison,Census Tract 2603.02,NA,21213,1,0,475422,39.315375,-76.568001,2022-06-27T15:33:00Z,2022-06-27,2,26,15:33:00
10821630,6101020A62BA6AD5,2022/06/27 22:43:00+00,High,NE,OVERDOSE,P221784452,1500 OAKRIDGE RD,1500 OAKRIDGE RD BALTIMORE MD,Ednor Gardens-Lakeside,Northeastern,412,14,D4,Northwood,Census Tract 902,NA,21218,1,0,475447,39.333359,-76.59452,2022-06-27T22:43:00Z,2022-06-27,2,26,22:43:00
10824475,6101020A62BB4FFF,2022/06/28 15:01:00+00,High,ED,OVERDOSE,P221792784,1800 N WOLFE ST,1800 N WOLFE ST BALTIMORE MD,Broadway East,Eastern,331,12,D5,Greenmount East,Census Tract 806,NA,21213,1,0,475485,39.311119,-76.591919,2022-06-28T15:01:00Z,2022-06-28,3,26,15:01:00
10824508,6101020A62BB578A,2022/06/28 15:33:00+00,High,CD,OVERDOSE,P221792909,300 BLK W LEXINGTON ST,300 BLK W LEXINGTON ST BALTIMORE MD,Downtown,Central,111,11,D7,Downtown/Seton Hill,Census Tract 401,NA,21201,1,0,475489,39.319732,-76.649533,2022-06-28T15:33:00Z,2022-06-28,3,26,15:33:00
10825901,6101020A62BBA042,2022/06/28 20:43:00+00,High,SW,OVERDOSE,P221794198,N FRANKLINTOWN RD/W FAIRMOUNT AV,N FRANKLINTOWN RD and W FAIRMOUNT AV BALTIMORE MD,Shipley Hill,Southwestern,842,9,D8,Southwest Baltimore,Census Tract 2002,NA,21223,1,0,476968,39.319732,-76.649533,2022-06-28T20:43:00Z,2022-06-28,3,26,20:43:00
10829484,6101020A62BCBA9B,2022/06/29 16:48:00+00,High,SE,OVERDOSE,P221803181,6600 HOLABIRD AV,6600 HOLABIRD AV BALTIMORE MD,Broening Manor,Southeastern,243,1,D7,Southeastern,Census Tract 2606.05,NA,21224,1,0,477040,39.272713,-76.533652,2022-06-29T16:48:00Z,2022-06-29,4,26,16:48:00
10838089,6101020A62BF33A8,2022/07/01 13:49:00+00,High,CD,OVERDOSE,P221822425,300 N EUTAW ST,300 N EUTAW ST BALTIMORE MD,Downtown,Central,111,11,D7,Downtown/Seton Hill,Census Tract 401,NA,21201,1,0,477237,39.293024,-76.621372,2022-07-01T13:49:00Z,2022-07-01,6,26,13:49:00
10809380,5701020A62B69440,2022/06/25 00:51:00+00,High,SW,OVERDOSE,P221760176,2500 BLK WILKENS AV,2500 BLK WILKENS AV BALTIMORE MD,Millhill,Southwestern,841,9,D8,Southwest Baltimore,Census Tract 2005,NA,21223,1,0,484535,39.319732,-76.649533,2022-06-25T00:51:00Z,2022-06-25,7,26,00:51:00
10812177,5701020A62B7806D,2022/06/25 17:38:00+00,High,CD,OVERDOSE,P221763106,0 N EUTAW ST,0 N EUTAW ST BALTIMORE MD,Downtown,Central,111,11,D7,Downtown/Seton Hill,Census Tract 401,NA,21201,1,0,484618,39.293703,-76.621213,2022-06-25T17:38:00Z,2022-06-25,7,26,17:38:00
10813535,5701020A62B7E06D,2022/06/26 00:28:00+00,High,CD,OVERDOSE,P221770117,1700 N CHARLES ST,1700 N CHARLES ST BALTIMORE MD,Charles North,Central,141,12,D8,Midtown,Census Tract 1205,NA,21201,1,0,484667,39.308899,-76.61679,2022-06-26T00:28:00Z,2022-06-26,1,26,00:28:00
10814513,5701020A62B854A8,2022/06/26 08:44:00+00,High,CD,OVERDOSE,P221771154,METRO STATION - CHARLES CENTER EAST,METRO STATION - CHARLES CENTER EAST BALTIMORE MD,Downtown,Central,111,11,D7,Downtown/Seton Hill,Census Tract 401,NA,21202,1,0,484699,39.806436,-76.983345,2022-06-26T08:44:00Z,2022-06-26,1,26,08:44:00
10815282,5701020A62B88F5E,2022/06/26 12:54:00+00,High,NW,OVERDOSE,P221772007,PARK HEIGHTS AV/SPAULDING AV,PARK HEIGHTS AV and SPAULDING AV BALTIMORE MD,Central Park Heights,Northwestern,614,6,D1,Pimlico/Arlington/Hilltop,Census Tract 2718.02,Northwestern,21215,1,0,484722,39.348452,-76.674857,2022-06-26T12:54:00Z,2022-06-26,1,26,12:54:00
10817038,5701020A62B8FAE9,2022/06/26 20:33:00+00,High,SW,OVERDOSE,P221773668,1600 N ROSEDALE ST,1600 N ROSEDALE ST BALTIMORE MD,Rosemont,Southwestern,813,9,D9,Greater Rosemont,Census Tract 1607,NA,21216,1,0,484748,39.30618,-76.669405,2022-06-26T20:33:00Z,2022-06-26,1,26,20:33:00
10829241,5701020A62BCB621,2022/06/29 16:29:00+00,High,ED,OVERDOSE,P221803083,1600 N WOLFE ST,1600 N WOLFE ST BALTIMORE MD,Broadway East,Eastern,331,12,D5,Greenmount East,Census Tract 806,Eastern1,21213,1,0,486730,39.30877,-76.591753,2022-06-29T16:29:00Z,2022-06-29,4,26,16:29:00
10834140,5701020A62BE1266,2022/06/30 17:15:00+00,High,WD,OVERDOSE,P221813365,2400 WOODBROOK AV,2400 WOODBROOK AV BALTIMORE MD,Penn North,Western,733,7,D2,Penn North/Reservoir Hill,Census Tract 1303,Western,21217,1,0,486816,39.310145,-76.641168,2022-06-30T17:15:00Z,2022-06-30,5,26,17:15:00
10837912,5701020A62BF276A,2022/07/01 12:57:00+00,High,NW,OVERDOSE,P221822244,NORFOLK AV/OAKFIELD AV,NORFOLK AV and OAKFIELD AV BALTIMORE MD,Concerned Citizens Of Forest Park,Northwestern,642,6,D9,Forest Park/Walbrook,Census Tract 1509,NA,21216,1,0,488366,39.328176,-76.685486,2022-07-01T12:57:00Z,2022-07-01,6,26,12:57:00
10809866,6201020A62B6C378,2022/06/25 04:12:00+00,High,WD,OVERDOSE,P221760730,2100 WALBROOK AV,2100 WALBROOK AV BALTIMORE MD,Mondawmin,Western,731,7,D9,Greater Mondawmin,Census Tract 1504,Western,21217,1,0,491274,39.31095,-76.651515,2022-06-25T04:12:00Z,2022-06-25,7,26,04:12:00
10810244,6201020A62B7042B,2022/06/25 08:48:00+00,High,WD,OVERDOSE,P221761169,1500 N FREMONT AV,1500 N FREMONT AV BALTIMORE MD,Upton,Central,123,11,D8,Upton/Druid Heights,Census Tract 1403,NA,21217,1,0,491284,39.305699,-76.638301,2022-06-25T08:48:00Z,2022-06-25,7,26,08:48:00
10812677,6201020A62B7A0BC,2022/06/25 19:56:00+00,High,SE,OVERDOSE,P221763689,0 S BROADWAY,0 S BROADWAY BALTIMORE MD,Washington Hill,Southeastern,212,13,D6,Fells Point,Census Tract 202,NA,21231,1,0,491345,39.28221,-76.5929,2022-06-25T19:56:00Z,2022-06-25,7,26,19:56:00
10821135,6201020A62BA48AE,2022/06/27 20:17:00+00,High,SE,OVERDOSE,P221784021,1300 DUNDALK AV,1300 DUNDALK AV BALTIMORE MD,Graceland Park,Southeastern,243,1,D6,Southeastern,Census Tract 2606.05,NA,21222,1,0,491483,39.279374,-76.534936,2022-06-27T20:17:00Z,2022-06-27,2,26,20:17:00
10823073,6201020A62BAFC2F,2022/06/28 09:03:00+00,High,WD,OVERDOSE,P221791394,1400 W NORTH AV,1400 W NORTH AV BALTIMORE MD,Penn North,Western,733,7,D2,Penn North/Reservoir Hill,Census Tract 1303,NA,21217,1,0,491494,39.310336,-76.641354,2022-06-28T09:03:00Z,2022-06-28,3,26,09:03:00
10823295,6201020A62BB06AA,2022/06/28 09:48:00+00,High,CD,OVERDOSE,P221791594,500 CUMBERLAND ST,500 CUMBERLAND ST BALTIMORE MD,Druid Heights,Central,131,7,D8,Upton/Druid Heights,Census Tract 1403,NA,21217,1,0,491496,39.310016,-76.640705,2022-06-28T09:48:00Z,2022-06-28,3,26,09:48:00
10826178,6201020A62BBBD7B,2022/06/28 22:48:00+00,High,SD,OVERDOSE,P221794527,700 WASHINGTON BL,700 WASHINGTON BL BALTIMORE MD,Washington Village/Pigtown,Southern,932,10,D7,Washington Village/Pigtown,Census Tract 2101,NA,21230,1,0,492087,39.283545,-76.627036,2022-06-28T22:48:00Z,2022-06-28,3,26,22:48:00
10832659,6201020A62BDAEAF,2022/06/30 10:09:00+00,High,CD,OVERDOSE,P221811723,200 N CHARLES ST,200 N CHARLES ST BALTIMORE MD,Downtown,Central,111,11,D7,Downtown/Seton Hill,Census Tract 401,NA,21201,1,0,492195,39.291412,-76.615562,2022-06-30T10:09:00Z,2022-06-30,5,26,10:09:00
10839192,6201020A62BF6B3E,2022/07/01 17:46:00+00,High,SE,OVERDOSE,P221823398,1400 E FAYETTE ST,1400 E FAYETTE ST BALTIMORE MD,Dunbar-Broadway,Southeastern,212,12,D7,Oldtown/Middle East,Census Tract 2805,NA,21231,1,0,492336,39.2931622,-76.5971647,2022-07-01T17:46:00Z,2022-07-01,6,26,17:46:00
10839938,6201020A62BF95CB,2022/07/01 20:48:00+00,High,WD,OVERDOSE,P221824232,300 BLK N POPPLETON ST,300 BLK N POPPLETON ST BALTIMORE MD,Poppleton,Western,712,9,D8,Poppleton/The Terraces/Hollins Market,Census Tract 1801,NA,21201,1,0,492961,39.319732,-76.649533,2022-07-01T20:48:00Z,2022-07-01,6,26,20:48:00
10830473,6301020A62BCF79D,2022/06/29 21:08:00+00,High,NW,OVERDOSE,P221804286,GWYNNS FALLS PY/KOKO LN,GWYNNS FALLS PY and KOKO LN BALTIMORE MD,Hanlon-Longwood,Northwestern,611,7,D9,Greater Mondawmin,Census Tract 1507.02,NA,21216,1,0,499540,39.319732,-76.649533,2022-06-29T21:08:00Z,2022-06-29,4,26,21:08:00
10836158,6301020A62BE8FBF,2022/07/01 02:10:00+00,High,SD,OVERDOSE,P221820420,1700 W PRATT ST,1700 W PRATT ST BALTIMORE MD,New Southwest/Mount Clare,Southern,935,9,D8,Southwest Baltimore,Census Tract 1903,Tri-District,21223,1,0,499588,39.285476,-76.643867,2022-07-01T02:10:00Z,2022-07-01,6,26,02:10:00
10813628,6401020A62B7EC8B,2022/06/26 01:20:00+00,High,ED,OVERDOSE,P221770283,2300 E MADISON ST,2300 E MADISON ST BALTIMORE MD,Milton-Montford,Eastern,323,13,D5,Madison/East End,Census Tract 703,Eastern2,21205,1,0,544031,39.300002,-76.584737,2022-06-26T01:20:00Z,2022-06-26,1,26,01:20:00
10821633,6401020A62BA75B1,2022/06/27 23:29:00+00,High,ED,OVERDOSE,P221784556,900 WILMOT CT,900 WILMOT CT BALTIMORE MD,Oldtown,Eastern,312,12,D5,Oldtown/Middle East,Census Tract 1002,NA,21202,1,0,545660,39.299423,-76.604614,2022-06-27T23:29:00Z,2022-06-27,2,26,23:29:00
10837737,6401020A62BF1896,2022/07/01 11:53:00+00,High,NW,OVERDOSE,P221821994,5100 REISTERSTOWN RD,5100 REISTERSTOWN RD BALTIMORE MD,Woodmere,Northwestern,623,6,D1,Glen-Fallstaff,Census Tract 2801.01,NA,21215,1,0,545885,39.342103,-76.682731,2022-07-01T11:53:00Z,2022-07-01,6,26,11:53:00
10812289,A701020A62B78A6D,2022/06/25 18:21:00+00,High,NW,OVERDOSE,P221763272,5200 REISTERSTOWN RD,5200 REISTERSTOWN RD BALTIMORE MD,Woodmere,Northwestern,623,6,D1,Glen-Fallstaff,Census Tract 2801.01,NA,21215,1,0,872810,39.342885,-76.683803,2022-06-25T18:21:00Z,2022-06-25,7,26,18:21:00
10813255,A701020A62B7C850,2022/06/25 22:45:00+00,High,SD,OVERDOSE,P221764233,S MOUNT ST/WILKENS AV,S MOUNT ST and WILKENS AV BALTIMORE MD,New Southwest/Mount Clare,Southern,935,9,D8,Southwest Baltimore,Census Tract 1903,Tri-District,21223,1,0,873924,39.319732,-76.649533,2022-06-25T22:45:00Z,2022-06-25,7,26,22:45:00
10815091,A701020A62B877BF,2022/06/26 11:14:00+00,High,SD,OVERDOSE,P221771687,500 S PAYSON ST,500 S PAYSON ST BALTIMORE MD,Carrollton Ridge,Southern,934,9,D8,Southwest Baltimore,Census Tract 2003,Tri-District,21223,1,0,874997,39.281627,-76.647753,2022-06-26T11:14:00Z,2022-06-26,1,26,11:14:00
10815744,A701020A62B8B19C,2022/06/26 15:21:00+00,High,NW,OVERDOSE,P221772423,4200 LABYRINTH RD,4200 LABYRINTH RD BALTIMORE MD,Reisterstown Station,Northwestern,631,5,D1,Glen-Fallstaff,Census Tract 2801.01,NA,21215,1,0,875376,39.358577,-76.70942,2022-06-26T15:21:00Z,2022-06-26,1,26,15:21:00
10823493,A701020A62BB111F,2022/06/28 10:33:00+00,High,ED,OVERDOSE,P221791758,1200 E NORTH AV,1200 E NORTH AV BALTIMORE MD,East Baltimore Midway,Eastern,342,12,D5,Midway/Coldstream,Census Tract 908,Eastern1,21202,1,0,880327,39.312055,-76.602269,2022-06-28T10:33:00Z,2022-06-28,3,26,10:33:00
10824940,A701020A62BB7073,2022/06/28 17:19:00+00,High,SD,OVERDOSE,P221793318,1800 WASHINGTON BL,1800 WASHINGTON BL BALTIMORE MD,Carroll - Camden Industrial Area,Southern,941,10,D7,Washington Village/Pigtown,Census Tract 2102,NA,21230,1,0,881207,39.276296,-76.644748,2022-06-28T17:19:00Z,2022-06-28,3,26,17:19:00
10825415,A701020A62BB82DB,2022/06/28 18:38:00+00,High,ED,OVERDOSE,P221793678,E OLIVER ST/N LAKEWOOD AV,E OLIVER ST and N LAKEWOOD AV BALTIMORE MD,Berea,Eastern,332,13,D5,Clifton-Berea,Census Tract 803.02,NA,21213,1,0,881433,39.319732,-76.649533,2022-06-28T18:38:00Z,2022-06-28,3,26,18:38:00